area_name,city,latitude,longitude,place_type,pincode
Banban,,28.1574461,76.8491566,hamlet,
Bhola Ki Dhani,,28.1184327,76.7216921,hamlet,
Bibipur,,28.1422,76.8227148,hamlet,
Chhapar,,28.1369777,76.8346023,hamlet,
Daganheri,,28.1229232,76.8337027,hamlet,
Dhanpura,,28.2331977,77.5582057,hamlet,
Gandhola,,28.1300142,76.892023,hamlet,
Humayunpur,,28.8990171,76.8160941,hamlet,
Kairaka,,28.1300716,77.2507031,hamlet,
Kalaka,,28.1516601,76.8074369,hamlet,
Kharkhan,,28.1476207,76.9084597,hamlet,
Khatiya Ki Dhani,,28.3314548,76.9438956,hamlet,
Khohri Khurd,,28.1249049,76.8665957,hamlet,
Kulawat,,28.1337231,76.953907,hamlet,
Ladamka,,28.1013987,76.8175649,hamlet,
Ladiya,,28.1307333,76.8457174,hamlet,
Lalheri,,29.0691688,77.0205964,hamlet,
Lalwa,,28.1429055,77.2888438,hamlet,
Mehindiga,,28.1461478,76.9450615,hamlet,
Nakhnol,,28.1072302,76.8440792,hamlet,
Rajpur,,28.1270211,77.2967609,hamlet,
SSI Jhuggi,,28.7287028,77.1570285,hamlet,
Saidulajaib Extension,,28.5133101,77.1958544,hamlet,
Sehri,,28.9371824,76.8850161,hamlet,
Shahpur,,28.1433542,76.8026948,hamlet,
Singhpur,,28.140043,76.8129301,hamlet,
Udhanwas,,28.1403079,76.9476842,hamlet,
Udmi Ki Dhani,,28.1228043,76.7221427,hamlet,
A Block,,28.7421947,77.1643474,neighbourhood,
A-2,,28.7523324,77.1698987,neighbourhood,
Acharya Niketan,,28.6083003,77.2947817,neighbourhood,
Adarsh Nagar,,28.4625722,77.0315823,neighbourhood,
Adarsh Society,,28.7575955,77.1795147,neighbourhood,
Adchini,,28.5380482,77.197621,neighbourhood,
Ajay Enclave,,28.6381412,77.1062643,neighbourhood,
Ajay Enclave Extension,,28.6371093,77.106767,neighbourhood,
Ajit Nagar,,28.6664525,77.2659606,neighbourhood,
Amar Colony,,28.5615391,77.2431499,neighbourhood,
Amar Park,,28.6703921,77.1625825,neighbourhood,
Ambedkar Nagar,,28.5192116,77.2362095,neighbourhood,
Amberhai,,28.5784051,77.0500199,neighbourhood,
Anand Lok,,28.5572924,77.2191223,neighbourhood,
Anand Niketan,,28.5785457,77.1638649,neighbourhood,
Andrews Ganj Extension,,28.560774,77.2299752,neighbourhood,
Ankhir,,28.4234958,77.2867265,neighbourhood,
Anuj Nayyar Vihar,,28.6008097,77.1297718,neighbourhood,
Aradhna Enclave,,28.5751302,77.179082,neighbourhood,
Arakpur Bagh,,28.5860468,77.1701151,neighbourhood,
Aram Bagh,,28.6433402,77.2107499,neighbourhood,
Aravali Retreat,,28.3146048,77.0123843,neighbourhood,
Arjondi,,28.3966387,77.3164802,neighbourhood,
Arjun Nagar,,28.5727295,77.2270561,neighbourhood,
Arjun Park,,28.6440141,77.2783394,neighbourhood,
Arjun Vihar,,28.5920342,77.1550497,neighbourhood,
Aruna Nagar,,28.6979093,77.2259061,neighbourhood,
Arya Nagar,,28.6459846,77.213524,neighbourhood,
Asalatpur Gaon,,28.6215656,77.0770499,neighbourhood,
Asha Pushp Vihar,,28.6350455,77.3273216,neighbourhood,
Ashok Nagar,,28.6360207,77.101822,neighbourhood,
Ashok Park,,28.671984,77.1569775,neighbourhood,
Ashok Place,,28.6269047,77.2066571,neighbourhood,
Ashok Vihar Phase 3 Block J,,28.4963785,77.0228238,neighbourhood,
B Block,,28.7256927,77.1696168,neighbourhood,
Baans Kusjla,,28.3749344,76.9077579,neighbourhood,
Baba Nagar,,28.419982,77.3139776,neighbourhood,
Badauli Village,,28.3783093,77.3450814,neighbourhood,
Badkhal village,,28.4101372,77.2782395,neighbourhood,
Badli Industrial Area Phase 2,,28.7464118,77.1312654,neighbourhood,
Balbir Nagar,,28.6837898,77.2907538,neighbourhood,
Balbir Nagar Extension,,28.6854297,77.290632,neighbourhood,
Bali Nagar,,28.6541384,77.128178,neighbourhood,
Baljeet Nagar,,28.6563217,77.1605162,neighbourhood,
Ballimaran,,28.6531586,77.2254416,neighbourhood,
Bana Singh Enclave,,28.5493148,77.1366443,neighbourhood,
Banarsi Dass Estate,,28.6979904,77.2186381,neighbourhood,
Bank Enclave,,28.6416337,77.1293811,neighbourhood,
Bapa Nagar,,28.6542692,77.180901,neighbourhood,
Bapu Park,,28.5755646,77.2233096,neighbourhood,
Bara Hindu Rao,,28.6595181,77.20501,neighbourhood,
Bas Haria,,28.3736215,76.8921931,neighbourhood,
Bengali Colony,,28.5980649,77.0786363,neighbourhood,
Ber Sarai,,28.548451,77.181444,neighbourhood,
Beri Wala Bagh,,28.6638994,77.2061159,neighbourhood,
Bestech Park View,,28.4986256,77.0213235,neighbourhood,
Bhagat Colony A2 Block,,28.7448204,77.1963718,neighbourhood,
Bhagwan Das Nagar,,28.6708475,77.1480386,neighbourhood,
Bhalaswa Dairy A Block,,28.7398475,77.1651143,neighbourhood,
Bhalaswa JJ Colony,,28.7557563,77.1627394,neighbourhood,
Bhalaswa Jhuggi,,28.7419494,77.1605924,neighbourhood,
Bhankri village,,28.3936816,77.2610911,neighbourhood,
Bharat Nagar,,28.5660025,77.2694303,neighbourhood,
Bharti Artist Colony,,28.6377156,77.2906706,neighbourhood,
Bhavishya Nidhi Enclave,,28.5409306,77.2096744,neighbourhood,
Bihari Colony,Shahdara,28.6711259,77.2827076,neighbourhood,
Bikaji Cama Place,,28.5685715,77.1876831,neighbourhood,
Bindapur Village,,28.6142004,77.0681823,neighbourhood,
Block 4,,28.6370001,77.1136237,neighbourhood,
Block C-1 Yamuna Vihar,,28.7006734,77.2747561,neighbourhood,
Block C-10 Yamuna Vihar,,28.6983339,77.2743641,neighbourhood,
Block C-11 Yamuna Vihar,,28.6981026,77.2768132,neighbourhood,
Block C-12 Yamuna Vihar,,28.6979704,77.2781698,neighbourhood,
Block C-2 Yamuna Vihar,,28.7004453,77.2775258,neighbourhood,
Block C-3 Yamuna Vihar,,28.702004,77.2781376,neighbourhood,
Block C-4 Yamuna Vihar,,28.7016608,77.2809299,neighbourhood,
Block C-7 Yamuna Vihar,,28.7004838,77.277007,neighbourhood,
Block C-8 Yamuna vihar,,28.7005904,77.2758239,neighbourhood,
Block C-9 Yamuna vihar,,28.6989584,77.2737732,neighbourhood,
Block C5,,28.695584,77.1563441,neighbourhood,
Bodh Nagar,,28.6776478,77.1559935,neighbourhood,
Brijpuri,,28.704747,77.2751662,neighbourhood,
Budella,,28.6368974,77.0699741,neighbourhood,
Budh Nagar,,28.6325424,77.1440854,neighbourhood,
C Block,,28.730442,77.1682605,neighbourhood,
CB Block,,28.6213578,77.134755,neighbourhood,
CC Colony,,28.6892775,77.194721,neighbourhood,
CD Park,,28.7313882,77.1699084,neighbourhood,
Carterpuri Village,,28.5077104,77.0428174,neighbourhood,
Cavalry Line,,28.6929814,77.2161315,neighbourhood,
Chanan Singh Park,,28.6063467,77.1291256,neighbourhood,
Chandan Hola,,28.4680311,77.1823025,neighbourhood,
Chandawli,,28.3202374,77.3500126,neighbourhood,
Chandni Chowk,,28.6559834,77.2321937,neighbourhood,
Chandrawal,,28.6951051,77.223748,neighbourhood,
Chattarpur Enclave Phase 1,,28.498529,77.1894953,neighbourhood,
Chaukhandi,,28.6451383,77.0965683,neighbourhood,
Chawri Bazaar,,28.6499269,77.2297876,neighbourhood,
Chhatarpur Enclave Phase 2,,28.5022515,77.1911608,neighbourhood,
Chhota Hasanpur,,28.6338403,77.3069802,neighbourhood,
Chikamberpur,,28.6771415,77.3256517,neighbourhood,
Christian Colony,,28.6917833,77.20779,neighbourhood,
Chuni Lahri Basti,,28.5695811,77.2244496,neighbourhood,
Cornwallis Colony,,28.6053043,77.2344193,neighbourhood,
D Block,,28.6371197,77.2950176,neighbourhood,
D-2,,28.7514111,77.1693972,neighbourhood,
DDA Flats,,28.52991,77.2558848,neighbourhood,
DDA Flats A Block,,28.7258782,77.1638638,neighbourhood,
DDA Flats B Block,,28.7259571,77.1647879,neighbourhood,
DDA Flats C Block,,28.7262121,77.1652495,neighbourhood,
DDA Flats D Block,,28.7246744,77.1664108,neighbourhood,
DDA Flats E Block,,28.7243994,77.1659435,neighbourhood,
DDA Flats F Block,,28.724073,77.165367,neighbourhood,
DDA SFS Flats,,28.6708176,77.1855743,neighbourhood,
DLF 5,,28.4471643,77.0937399,neighbourhood,
DLF Capital Greens,,28.6661963,77.150915,neighbourhood,
DLF Colony - Block C,,28.4712381,77.0436664,neighbourhood,
DLF Farms,,28.4823661,77.1724534,neighbourhood,
DLF Golf Links,,28.45045,77.1033689,neighbourhood,
DLF Industrial Area,,28.6566695,77.1426394,neighbourhood,
DLF Midtown,,28.6643996,77.1548,neighbourhood,
DLF Phase 1,,28.4765171,77.090194,neighbourhood,
DLF Phase 1 Block F,,28.4669996,77.0955776,neighbourhood,
DTC Colony,,28.651488,77.1570777,neighbourhood,
DVB Colony,,28.6837676,77.1912742,neighbourhood,
Dabri Village,,28.608339,77.0837385,neighbourhood,
Dabua Colony,,28.3837728,77.2816624,neighbourhood,
Daulatabad,,28.4144314,77.3152129,neighbourhood,
Dayanand Colony,,28.5621997,77.2476131,neighbourhood,
Deepak Vihar,,28.6207135,76.987268,neighbourhood,
Defence Colony Police Quarters,,28.5643077,77.2324539,neighbourhood,
Delhi Milk Scheme Colony,,28.6224929,77.1141735,neighbourhood,
Dena Ram Park,,28.6751147,77.1651288,neighbourhood,
Derawal Nagar,,28.6992516,77.188685,neighbourhood,
Dharampur Lodge,,28.6760142,77.201315,neighbourhood,
Dharampura,,28.6538979,77.2318096,neighbourhood,
Dhobi Ghat,,28.7246765,77.1746672,neighbourhood,
District Park,New Delhi,28.694395,77.1428673,neighbourhood,
Double Storey,,28.5641897,77.2453756,neighbourhood,
Durga Park,,28.6028031,77.0861842,neighbourhood,
E Block,,28.7291331,77.175908,neighbourhood,
"E Block, Rajeev Nagar Extension",,28.7464806,77.1644619,neighbourhood,
EA Pocket,,28.6193409,77.1097555,neighbourhood,
EE Block,,28.7329282,77.1768366,neighbourhood,
EE Jhuggi,,28.7338738,77.176782,neighbourhood,
East Block,,28.5663751,77.1830056,neighbourhood,
East Patel Nagar,,28.645649,77.1725666,neighbourhood,
East School Block,,28.6305485,77.2991478,neighbourhood,
East Vinod Nagar,,28.6227661,77.3075035,neighbourhood,
Espace,,28.4120009,77.0649962,neighbourhood,
F Block,Delhi,28.7465539,77.1603484,neighbourhood,
Faizupur Majra Neemka,,28.3719016,77.3686736,neighbourhood,
Fajjupur Village,,28.3708613,77.3632472,neighbourhood,
Faridpur,,28.3819824,77.3767466,neighbourhood,
Fateh Nagar,,28.6315015,77.1006012,neighbourhood,
Fatehpur Beri,,28.4573589,77.1825027,neighbourhood,
Fatehpur Chandela,,28.4153451,77.3025194,neighbourhood,
Freedom Fighters Enclave,,28.5094555,77.1986538,neighbourhood,
Friends Colony,,28.5667513,77.2619181,neighbourhood,
G Block,Delhi,28.7515595,77.1604069,neighbourhood,
GT Karnal Road Industrial Area,,28.6950799,77.1858331,neighbourhood,
Gaffar Manzil,,28.5566457,77.2832387,neighbourhood,
Gamri Village,,28.6926195,77.2562756,neighbourhood,
Ganesh Nagar,,28.6250692,77.2851699,neighbourhood,
Ganeshpura,,28.6776108,77.1634747,neighbourhood,
Gangotri Apartments,,28.5244125,77.2521015,neighbourhood,
Garden Estate S Block,,28.4851145,77.0995943,neighbourhood,
Gautam Nagar,,28.5621177,77.2124515,neighbourhood,
Gazipur,,28.3813701,77.2677162,neighbourhood,
Geetanjali Enclave,,28.5303663,77.1996564,neighbourhood,
Gemini Park,,28.6176011,77.0072118,neighbourhood,
Gharwal Colony,,28.5223821,77.1724787,neighbourhood,
Gilahri Bagh,,28.6793053,77.1977171,neighbourhood,
Giri Nagar,,28.5401367,77.2643499,neighbourhood,
Godavari Apartments,,28.5266671,77.2532648,neighbourhood,
Golf Links,,28.5959698,77.2311628,neighbourhood,
Gopal Nagar,,28.7124759,77.1791655,neighbourhood,
Gopinath Bazar,,28.5966612,77.133685,neighbourhood,
Gorakh Park,,28.6840497,77.2837626,neighbourhood,
Govind Mohalla,,28.7231976,77.1469825,neighbourhood,
Greater Kailash I,,28.5512676,77.2360199,neighbourhood,
Greater Kailash II,,28.5338204,77.242467,neighbourhood,
Green Park Extension,,28.5607037,77.2036565,neighbourhood,
Green View Apartments,,28.623311,77.1168463,neighbourhood,
Gujranwalan Town,,28.7013147,77.1887404,neighbourhood,
Gulmohar Enclave,,28.5583071,77.2104353,neighbourhood,
Gulmohar Park,,28.5571011,77.2130055,neighbourhood,
Gur Mandi,,28.6861093,77.1969036,neighbourhood,
Guru Arjun Nagar,,28.6495976,77.1602142,neighbourhood,
Guru Nanak Nagar,,28.6458975,77.1598664,neighbourhood,
Gurukul Basti,,28.4757692,77.2956956,neighbourhood,
H Block,Delhi,28.7520254,77.1638103,neighbourhood,
H-2 Block,,28.7235569,77.1733201,neighbourhood,
H-3 Block,,28.7243702,77.1704559,neighbourhood,
H-4 Block,,28.724473,77.1682692,neighbourhood,
H-4 Jhuggi,,28.7234946,77.1711441,neighbourhood,
HVPNL Colony,,28.4549374,77.0355071,neighbourhood,
Haddu Mohalla,,28.5360777,77.2995827,neighbourhood,
Haiderpur,,28.7223775,77.1456151,neighbourhood,
Hakikat Nagar,,28.6987164,77.2087081,neighbourhood,
Hansa Puri,,28.6771826,77.1573503,neighbourhood,
Harkesh Nagar,,28.5461479,77.2752266,neighbourhood,
Harswaroop Colony,,28.4543326,77.1830318,neighbourhood,
Hastsal Village,,28.6341941,77.0559245,neighbourhood,
Hauz Khas Enclave,,28.548804,77.2012358,neighbourhood,
Hauz Rani,,28.5291809,77.2117586,neighbourhood,
Hazrat Khwaja Mir Dard Colony,,28.6401538,77.2291144,neighbourhood,
Hiran Kudna,,28.6723367,76.9984106,neighbourhood,
Hudco Place,,28.5621911,77.2264771,neighbourhood,
Humayunpur,,28.5612584,77.1943617,neighbourhood,
IFS Apartments,,28.6056632,77.2898205,neighbourhood,
INA Market,,28.5741862,77.2102033,neighbourhood,
ITI Jhuggi,,28.7339288,77.1694644,neighbourhood,
Indira Colony,,28.4415861,77.0717915,neighbourhood,
Indira Enclave,,28.5027721,77.2021456,neighbourhood,
Indira Vikas Colony,,28.7138549,77.2078464,neighbourhood,
Indraprastha Estate,,28.6273744,77.2438287,neighbourhood,
Indrapuri,,28.6286841,77.1470979,neighbourhood,
Institutional Area,,28.6100845,77.1019708,neighbourhood,
Ishwar Colony,,28.6944491,77.1956155,neighbourhood,
Ishwar Nagar,,28.5591555,77.2696155,neighbourhood,
Islampur,,28.4018679,76.9838785,neighbourhood,
JJ Colony,,28.6632459,77.0134882,neighbourhood,
Jagdamba Camp,,28.5361968,77.2207144,neighbourhood,
Jailer Wala Bagh,,28.7017988,77.1773712,neighbourhood,
Jaipur Estate,,28.5878849,77.2519283,neighbourhood,
Jaipuria Mill,,28.6772824,77.2026796,neighbourhood,
Jal Vihar,,28.5754865,77.2483706,neighbourhood,
Jasola,,28.5468543,77.2919683,neighbourhood,
Jawahar Park,,28.6863913,77.331354,neighbourhood,
Jeevan Sarita,,28.677751,77.3175132,neighbourhood,
Jheemar Village,,28.7512967,77.1803056,neighbourhood,
Jhilmil Colony,,28.6698142,77.3072827,neighbourhood,
Jia Sarai,,28.546006,77.1895389,neighbourhood,
Jor Bagh,,28.6766079,77.1586915,neighbourhood,
Jwala Nagar,,28.6717084,77.2964437,neighbourhood,
Jwala Nagar Extn,,28.6719267,77.2984841,neighbourhood,
K Block DDA Flats,,28.7343031,77.1693277,neighbourhood,
K Block Jhuggi,,28.7358463,77.1680175,neighbourhood,
Kabir Basti,,28.6726571,77.2081144,neighbourhood,
Kailash Colony,,28.5530522,77.2429694,neighbourhood,
Kalindi Colony,,28.5763828,77.26592,neighbourhood,
Kalkaji Extension,,28.5293633,77.2630731,neighbourhood,
Kalu Sarai,,28.5415421,77.2037409,neighbourhood,
Kalyan Vihar,,28.6917865,77.1971156,neighbourhood,
Kammruddin Nagar,,28.6766787,77.0533471,neighbourhood,
Kanhaiya Nagar,,28.6800635,77.1648445,neighbourhood,
Kanti Nagar Extension,,28.6703769,77.2782957,neighbourhood,
Kapil Vihar,,28.6990083,77.1366212,neighbourhood,
Karampura,,28.6646486,77.1472319,neighbourhood,
Karampura West,,28.6661784,77.1409149,neighbourhood,
Kashmere Gate,,28.6655672,77.228819,neighbourhood,
Kashmiri Market,,28.6335293,77.2236268,neighbourhood,
Kasturba Nagar,,28.5774817,77.2256295,neighbourhood,
Katwaria Sarai,,28.5418938,77.1862772,neighbourhood,
Khaampur Gaon,,28.6482754,77.1618067,neighbourhood,
Khajan Basti,,28.6149874,77.1147269,neighbourhood,
Khanpur,,28.5127982,77.2323949,neighbourhood,
Kharak,,28.4688705,77.2051549,neighbourhood,
Khirki,,28.5323123,77.2179689,neighbourhood,
Khizrabad,,28.5724786,77.2739495,neighbourhood,
Khyala,,28.656392,77.1009017,neighbourhood,
Kidwai Nagar East,,28.5716096,77.2131433,neighbourhood,
Kidwai Nagar West,,28.5717018,77.2045946,neighbourhood,
Kilokri,,28.5781851,77.2643543,neighbourhood,
Kirti Nagar Industrial Area,,28.6507381,77.1466655,neighbourhood,
Kotla Mubarak,,28.5746738,77.223205,neighbourhood,
Krishna Nagar,,28.3863942,77.3106033,neighbourhood,
Krishna Park Extension,,28.6377284,77.0813867,neighbourhood,
Lajpat Nagar II,,28.5700938,77.2431796,neighbourhood,
Lajpat Nagar III,,28.5678755,77.2404914,neighbourhood,
Lajpat Nagar IV,,28.561184,77.2398036,neighbourhood,
Lakhu Nagar,,28.6744374,77.164026,neighbourhood,
Laxmi Bai Nagar,,28.576794,77.2062778,neighbourhood,
Libaspur,,28.7534267,77.142996,neighbourhood,
Lilac 2,,28.4137481,77.0512925,neighbourhood,
Lodhi Art District,,28.5840648,77.2213286,neighbourhood,
Lodhi Estate,,28.5952424,77.2262907,neighbourhood,
Lohar Basti,,28.6270908,77.134411,neighbourhood,
M3M Golf Estate,,28.4011436,77.0664133,neighbourhood,
Madangir,,28.5247893,77.2327927,neighbourhood,
Madanpur Khadar,,28.53493,77.3005184,neighbourhood,
Madhavpuram Village,,28.5663927,77.188179,neighbourhood,
Maharani Bagh,,28.5720013,77.2633718,neighbourhood,
Maharathi Colony,,28.6710098,77.2996163,neighbourhood,
Mahavir Nagar,,28.574216,77.2273933,neighbourhood,
Mahendru Enclave,,28.7024308,77.1852518,neighbourhood,
Mahipalpur,,28.5444849,77.1256912,neighbourhood,
Maidan Garhi,,28.4987734,77.1944475,neighbourhood,
Majlis Park,,28.7168337,77.1732579,neighbourhood,
Major Bhupinder Singh Nagar,,28.6460755,77.0867215,neighbourhood,
Malcha,,28.6039358,77.1834133,neighbourhood,
Malikpur,,28.7044934,77.1970806,neighbourhood,
Malka Ganj,,28.6764176,77.2089386,neighbourhood,
Manak Vihar,,28.6336379,77.1046552,neighbourhood,
Manohar Park,,28.6704333,77.1527378,neighbourhood,
Mansarovar Garden,,28.6432658,77.1322572,neighbourhood,
Marble Market,,28.642995,77.1281072,neighbourhood,
Masihgarh,,28.5577081,77.274981,neighbourhood,
Maurice Nagar,,28.6866754,77.2049783,neighbourhood,
Maya Enclave,,28.6193,77.1087697,neighbourhood,
Mayapuri Industrial Area I,,28.6285822,77.1257627,neighbourhood,
Mayapuri Industrial Area II,,28.6187439,77.1182609,neighbourhood,
Mayfair Gardens,,28.5471278,77.2083259,neighbourhood,
Mayur Vihar II,,28.6185287,77.3026578,neighbourhood,
Mayur Vihar Phase 1 Pocket 2,,28.6101973,77.3006953,neighbourhood,
Meena Bazaar,,28.6510694,77.2357433,neighbourhood,
Meenakshi Garden,,28.6392363,77.1048444,neighbourhood,
Mewala Maharajpur,,28.4418747,77.3023001,neighbourhood,
Middle Shankar Vihar,,28.5637727,77.1400671,neighbourhood,
Ministry of external affairs residential complex,,28.5888907,77.1752241,neighbourhood,
Mirzapur,,28.3601067,77.3559526,neighbourhood,
Mohammadpur,,28.5641142,77.1886796,neighbourhood,
Mohyal Colony,,28.4486871,77.0505499,neighbourhood,
Mori Gate,,28.664203,77.2237393,neighbourhood,
Moti Bagh (East),,28.6676187,77.1842269,neighbourhood,
Moti Nagar Industrial Area,,28.6592911,77.1486575,neighbourhood,
Mujeri,,28.337882,77.3579138,neighbourhood,
Mujesar,,28.3661359,77.3066292,neighbourhood,
Multani Dhanda,,28.6472792,77.2106272,neighbourhood,
Nabi Karim,,28.6507217,77.2153546,neighbourhood,
Nanak Chand Basti,,28.5719299,77.2258138,neighbourhood,
Nangal Raya,,28.6070061,77.1156501,neighbourhood,
Naraina Industrial Area - I,,28.6321053,77.1370662,neighbourhood,
Naraina Industrial Area - II,,28.644371,77.1459826,neighbourhood,
Naraina Loha Mandi,,28.6397381,77.1415181,neighbourhood,
Naraina Vihar,,28.6273375,77.1403175,neighbourhood,
Naresh Colony,,28.7523914,77.1714158,neighbourhood,
Narmada Apartments,,28.5269296,77.2480619,neighbourhood,
National Media Centre,,28.4997047,77.0937936,neighbourhood,
Nauroji Nagar,,28.5685157,77.1938655,neighbourhood,
Naveen Shahdara,,28.6773386,77.2860157,neighbourhood,
Navjeevan Apartments,,28.602518,77.084898,neighbourhood,
Navjeevan Camp,,28.5316644,77.2592523,neighbourhood,
Navjeevan Vihar,,28.5330038,77.200783,neighbourhood,
Nawada Tigaon,,28.3424851,77.3767579,neighbourhood,
Naya Bazaar,,28.6581722,77.2195124,neighbourhood,
Neeti Bagh,,28.5592511,77.2161665,neighbourhood,
Nehru Kutia,,28.6741426,77.207923,neighbourhood,
Nehru Nagar,,28.5685108,77.2513847,neighbourhood,
Netaji Nagar Market,,28.5752723,77.1878506,neighbourhood,
Netaji Subhash Place,,28.6924526,77.1501063,neighbourhood,
New Ashok Park,,28.6714584,77.15265,neighbourhood,
New Chandrawal,,28.6802626,77.2055859,neighbourhood,
New Gupta Colony,,28.6927823,77.1957333,neighbourhood,
New Lahore Mohalla,,28.6441834,77.2735917,neighbourhood,
New Lines,,28.6804598,77.2024209,neighbourhood,
New Moti Nagar,,28.6637213,77.142878,neighbourhood,
New Patel Nagar,,28.6524228,77.1553662,neighbourhood,
New Ranjeet Nagar,,28.646457,77.1589391,neighbourhood,
Nilgiri Apartments,,28.5262642,77.2507945,neighbourhood,
Nimka,,28.3583384,77.3714727,neighbourhood,
Nizamuddin East,,28.5896671,77.2503854,neighbourhood,
Nizamuddin West,,28.588365,77.2449546,neighbourhood,
Noor Nagar,,28.5576219,77.2873437,neighbourhood,
North Moti Bagh,,28.5818356,77.1769289,neighbourhood,
Okhla Phase II,,28.5366138,77.2756197,neighbourhood,
Okhla Phase III,,28.5515414,77.2694165,neighbourhood,
Okhla Village,New Delhi,28.5636616,77.2890546,neighbourhood,
Old DLF Colony,,28.4712381,77.0436664,neighbourhood,
Old Gupta Colony,,28.6922523,77.1993035,neighbourhood,
Old Market,,28.6998092,77.221574,neighbourhood,
Old Selampur West,,28.666989,77.2682881,neighbourhood,
Omaxe City,,28.706752,76.9000322,neighbourhood,
Onkar Nagar,,28.6743406,77.1606295,neighbourhood,
"Outram Line, Guru Tegh Bahadur Nagar",,28.70272,77.2078832,neighbourhood,
Pahari Dhiraj,,28.6586096,77.2096127,neighbourhood,
Pahladpur,,28.3853813,77.3447645,neighbourhood,
Pakistani Jhuggi,,28.7236125,77.1798134,neighbourhood,
Palam Village,,28.5884408,77.0782435,neighbourhood,
Palika Niketan,,28.6369622,77.2088179,neighbourhood,
Panchsheel Enclave,,28.5440522,77.2291407,neighbourhood,
Panchsheel Park,,28.5433525,77.2140757,neighbourhood,
Pandara Park,,28.6067737,77.2294161,neighbourhood,
Pandav Nagar,,28.619553,77.2830355,neighbourhood,
Patparganj,,28.6115923,77.2905644,neighbourhood,
Patrachar,,28.7050014,77.2211062,neighbourhood,
Pilanji,,28.5790104,77.2009408,neighbourhood,
Pink Town Houses,,28.4944893,77.0965596,neighbourhood,
Pir Ganj,,28.5753194,77.2203485,neighbourhood,
"Pocket - 4, Mayur Vihar Phase 1",,28.6030736,77.2924931,neighbourhood,
"Pocket 3, Mayur Vihar Phase 1",,28.6050295,77.2987177,neighbourhood,
Pocket 5,,28.5933199,77.0460928,neighbourhood,
Pocket A,,28.5556715,77.2784261,neighbourhood,
"Pocket A2, Flat 1-40",,28.6114136,77.335868,neighbourhood,
Pocket B,,28.5548229,77.2765121,neighbourhood,
Pocket M,,28.5392589,77.298424,neighbourhood,
Pocket N,,28.5378014,77.2990604,neighbourhood,
Prajapati Colony,,28.5225752,77.1702007,neighbourhood,
Pratap Nagar,,28.6059159,77.2939722,neighbourhood,
Prem Nagar,,28.6796676,77.1988195,neighbourhood,
Press Colony,,28.6342053,77.1238475,neighbourhood,
Press Enclave,,28.5268702,77.2073934,neighbourhood,
Priyadarshini Vihar,,28.6913861,77.1935229,neighbourhood,
Punjabi Bagh West,,28.6703201,77.1420875,neighbourhood,
Punjabi Camp,,28.7255852,77.1643059,neighbourhood,
Pushp Vihar,,28.522712,77.2230873,neighbourhood,
Pushpanjali Enclave,,28.693878,77.1124069,neighbourhood,
Qutab Institutional Area,,28.5398146,77.1840572,neighbourhood,
Rabindra Nagar,,28.5990034,77.2238326,neighbourhood,
Raghu Nagar,,28.6108032,77.0885911,neighbourhood,
Railway Colony,,28.6720901,77.1444122,neighbourhood,
Raisina Hill,,28.6142263,77.2039446,neighbourhood,
Raja Garden,,28.652182,77.1263056,neighbourhood,
Rajeev Nagar,,28.4584323,77.3162292,neighbourhood,
Rajendar Parsad Colony,,28.6781537,77.3162431,neighbourhood,
Rajouri Apartments,,28.6369227,77.1259051,neighbourhood,
Rajpura,,28.6879568,77.1974016,neighbourhood,
Rakab Ganj,,28.6196604,77.2037943,neighbourhood,
Ram Nagar,,28.3794972,77.3111811,neighbourhood,
Ramesh Nagar,,28.6501773,77.134332,neighbourhood,
Rampura,,28.6760743,77.1550856,neighbourhood,
Rampuri,,28.5355002,77.2599602,neighbourhood,
Rana Pratap Bagh,,28.6867059,77.1907813,neighbourhood,
Ranjeet Nagar,,28.6459661,77.162929,neighbourhood,
Rarehra Khera,,28.3340071,77.3107372,neighbourhood,
Rattan Park,,28.6556653,77.1347201,neighbourhood,
Ravi Nagar,,28.6486578,77.0958428,neighbourhood,
Razapur,,28.7159041,77.1255307,neighbourhood,
Reids Line,,28.6934568,77.2089358,neighbourhood,
Richpal Colony,,28.4165629,77.0713311,neighbourhood,
Rohit Kunj,,28.6911359,77.1403903,neighbourhood,
Roop Nagar,,28.6837264,77.1988892,neighbourhood,
SBI Colony,,28.6941589,77.190947,neighbourhood,
Sadar Bazar,,28.5947572,77.1223167,neighbourhood,
Sadhna Enclave,,28.5400792,77.215276,neighbourhood,
Sadiq Nagar,,28.5574491,77.2262683,neighbourhood,
Safdarjung,,28.5929662,77.210903,neighbourhood,
Safeda Basti,,28.6553816,77.2646965,neighbourhood,
Said-ul-Ajaib,,28.5173369,77.2025984,neighbourhood,
Samaipur Badli,,28.7467295,77.1437899,neighbourhood,
Samaspur,,28.6137593,77.284866,neighbourhood,
Sanjay Basti,,28.7056842,77.2236909,neighbourhood,
Sanjay Colony,,28.4324284,77.2274758,neighbourhood,
Sanjay Gandhi Transport Nagar,,28.7391309,77.1499765,neighbourhood,
Sanjay Nagar,,28.7216655,77.1702832,neighbourhood,
Sannaiyat Lines,,28.5887154,77.1249695,neighbourhood,
Sant Nagar,,28.4129792,77.3088405,neighbourhood,
Santgarh,,28.6473082,77.0887763,neighbourhood,
Sanwal Nagar,,28.5594268,77.2276934,neighbourhood,
Sarai Danish Mand Khan,,28.6790809,77.2047931,neighbourhood,
Saraswati Enclave,,28.6159162,76.9658112,neighbourhood,
Saraswati Garden Extension,,28.6454429,77.1379833,neighbourhood,
Sarojini Park,,28.6452553,77.2787848,neighbourhood,
Sarup Nagar,,28.6783092,77.1561058,neighbourhood,
Sarvapriya Vihar,,28.5422362,77.2073492,neighbourhood,
Sarvodaya Enclave,,28.5384121,77.198901,neighbourhood,
Satya Niketan,,28.587462,77.1689581,neighbourhood,
Savitri Nagar,,28.5343792,77.2302126,neighbourhood,
Sector 1,,28.5628004,77.1839124,neighbourhood,
Sector 10,,28.5701464,77.1760451,neighbourhood,
Sector 112,Gurugram,28.5203402,77.0188612,neighbourhood,
Sector 113,Gurugram,28.5286649,77.0250282,neighbourhood,
Sector 114,Gurugram,28.5327129,77.0122454,neighbourhood,
Sector 115,Gurugram,28.5357856,77.0062587,neighbourhood,
Sector 12,,28.5744372,77.1750969,neighbourhood,
Sector 13,,28.5725627,77.1822044,neighbourhood,
Sector 2,,28.5591352,77.184885,neighbourhood,
Sector 3,,28.555314,77.1816099,neighbourhood,
Sector 4,,28.6324765,77.209131,neighbourhood,
Sector 5,,28.5620259,77.1741866,neighbourhood,
Sector 55,,28.3443113,77.2954327,neighbourhood,
Sector 6,,28.5659228,77.1717278,neighbourhood,
Sector 7,,28.5689368,77.1690722,neighbourhood,
Sector 8,,28.5722093,77.1661801,neighbourhood,
Sector 9,,28.5738236,77.1712273,neighbourhood,
Seemant Vihar,Kaushambi,28.6352273,77.325306,neighbourhood,
Shadipur,,28.6526021,77.1536389,neighbourhood,
Shahbad Muhammadpur,,28.5570477,77.0720814,neighbourhood,
Shahpura,,28.6492826,77.0895176,neighbourhood,
Shankar Market,,28.6339663,77.2237426,neighbourhood,
Shankar Range Colony,,28.5685189,77.1413231,neighbourhood,
Shanti Nagar,,28.6765853,77.1660551,neighbourhood,
Shantiniketan,,28.5770732,77.1696471,neighbourhood,
Sharda Puri,,28.6465582,77.1299605,neighbourhood,
Shashi Garden,,28.6105813,77.2946846,neighbourhood,
Shastri Nagar,,28.6439524,77.2760992,neighbourhood,
Sheetla Colony-Block - E,,28.4891325,77.0291568,neighbourhood,
Sheetla Colony-Block A,,28.4794212,77.0307659,neighbourhood,
Sheetla Colony-Block B,,28.4848796,77.0306238,neighbourhood,
Sheetla Colony-Block C,,28.4794475,77.0307277,neighbourhood,
Sheetla Colony-Block D,,28.4877652,77.0306001,neighbourhood,
Shiv Vatika,,28.7047046,77.2234392,neighbourhood,
Shiv Vihar Colony,,28.4761579,77.0346944,neighbourhood,
Shivaji Park,,28.6821672,77.2868311,neighbourhood,
Shivaji Place,,28.651657,77.1217027,neighbourhood,
Shivalik,,28.5353753,77.2081104,neighbourhood,
Shrinagar Colony,,28.6804337,77.1864679,neighbourhood,
Shumran Lines,,28.5845458,77.1219448,neighbourhood,
Siddharth Enclave,,28.5741176,77.2598593,neighbourhood,
Sihi,,28.3594634,77.3334176,neighbourhood,
Siri,,28.5478449,77.2186481,neighbourhood,
Sita Ram Bazaar,,28.6475688,77.2274607,neighbourhood,
Soami Nagar,,28.5425871,77.2242898,neighbourhood,
South Extension I,,28.5705664,77.2203844,neighbourhood,
South Extension II,,28.5668357,77.2200829,neighbourhood,
South Moti Bagh,,28.5826805,77.1696479,neighbourhood,
South Patel Nagar,,28.6446113,77.1677327,neighbourhood,
Sriniwaspuri,,28.5652204,77.2547041,neighbourhood,
Sriniwaspuri Extension,,28.5633766,77.2600597,neighbourhood,
State Bank Nagar,,28.6608882,77.094173,neighbourhood,
Subash Park Extension,,28.6778611,77.2777898,neighbourhood,
Subhash Nagar,,28.6363458,77.1152112,neighbourhood,
Sudarshan Park,,28.6614996,77.1339838,neighbourhood,
Sukhrali Enclave,,28.4825556,77.0580743,neighbourhood,
Sunder Nagar,,28.6016454,77.2421181,neighbourhood,
Sunder Vihar,,28.6630127,77.0883983,neighbourhood,
Surat Nagar Phase 1,,28.4839393,77.006288,neighbourhood,
Surat Vihar Village,,28.7512379,77.1810667,neighbourhood,
Sushant Lok 2,,28.4295392,77.0864926,neighbourhood,
Sushant Lok 3 B1 Block,,28.426041,77.0807705,neighbourhood,
Syndicate Enclave,,28.6114418,77.08739,neighbourhood,
Tagore Garden,,28.6473773,77.1122901,neighbourhood,
Tagore Garden Extension,,28.6518058,77.1150797,neighbourhood,
Taimur Nagar,,28.571889,77.2693779,neighbourhood,
Tajpur Khurd,,28.57637,77.0119969,neighbourhood,
Tara Market,,28.4985479,77.1910109,neighbourhood,
Tartarpur,,28.6454189,77.1137492,neighbourhood,
Teliwara,,28.661528,77.2148162,neighbourhood,
The Close North,,28.4143744,77.069389,neighbourhood,
The Close South,,28.4120631,77.0691794,neighbourhood,
Tibetan Colony,,28.7012532,77.2284569,neighbourhood,
Tigri,,28.5117193,77.240937,neighbourhood,
Tihar,,28.6346361,77.1071121,neighbourhood,
Tilak Nagar Industrial Area,,28.6416714,77.1047906,neighbourhood,
Tis Hazari,,28.66615,77.218115,neighbourhood,
Todapur,,28.6217303,77.1586415,neighbourhood,
Tughlakabad Extension,,28.5228329,77.2590819,neighbourhood,
Tyagraj Nagar,,28.5777561,77.2193941,neighbourhood,
Uday Park,,28.5603016,77.219519,neighbourhood,
Udyog Vihar Phase 4,,28.5036942,77.0687273,neighbourhood,
Udyog Vihar Phase V,,28.5068236,77.08328,neighbourhood,
Upper Shankar Vihar,,28.5585666,77.1417259,neighbourhood,
Vakilpura,,28.6521435,77.2322489,neighbourhood,
Valmiki Colony,,28.6669717,77.2608716,neighbourhood,
Vatika City,,28.4054755,77.0455159,neighbourhood,
Victoria Gardens,,28.7059349,77.1774144,neighbourhood,
Vidya Vihar,,28.6906801,77.0986228,neighbourhood,
Vidyut Vihar,,28.5799864,77.265345,neighbourhood,
Vijay Colony,Delhi,28.7590883,77.1729216,neighbourhood,
Vijay Enclave,,28.6065795,77.0798753,neighbourhood,
Vijay Mandal Enclave Block 5,,28.5408766,77.2043309,neighbourhood,
Vijay Nagar,,28.6915564,77.2016914,neighbourhood,
Vikram Vihar,,28.564122,77.2372705,neighbourhood,
Vikrant Enclave,,28.6318519,77.1183007,neighbourhood,
Vinobapuri,,28.5669763,77.2491906,neighbourhood,
Vir Nagar Jain Colony,,28.68512,77.1937884,neighbourhood,
Vishal Enclave,,28.6488744,77.118899,neighbourhood,
Vishnu Garden,,28.6524333,77.1000592,neighbourhood,
Vishwakarma Colony,,28.5010357,77.2858299,neighbourhood,
Vishwas Nagar,,28.6644357,77.29496,neighbourhood,
Vivekanand Puri,,28.6683529,77.1865122,neighbourhood,
Ware Housing Scheme Block 2,,28.6421808,77.1384368,neighbourhood,
Ware Housing Scheme Furniture Block,,28.6457969,77.1418078,neighbourhood,
Wazir Nagar,,28.5704987,77.2255192,neighbourhood,
West Block,,28.567071,77.1780515,neighbourhood,
West End,,28.5747614,77.1630662,neighbourhood,
West Jyoti Nagar,,28.6903206,77.2902495,neighbourhood,
West Patel Nagar,,28.6519279,77.162923,neighbourhood,
West Vinod Nagar,,28.6231348,77.2966849,neighbourhood,
Widow Colony,,28.6428823,77.0896234,neighbourhood,
Willingdon Crescent,,28.6094909,77.1953026,neighbourhood,
Yamuna Apartments,,28.5273104,77.2524573,neighbourhood,
Yogendar Vihar,,28.5645874,77.1429874,neighbourhood,
Yusuf Sarai Market,,28.5610254,77.2072802,neighbourhood,
shivji park,,28.4457036,77.0130033,neighbourhood,
A Block,,28.7280128,77.1640215,quarter,
A Block DDA Market,,28.7289007,77.1655727,quarter,
A1 Jhuggi,,28.7276891,77.1664667,quarter,
B-6,,28.7532129,77.1639649,quarter,
B-7,,28.7531342,77.1626761,quarter,
Basant Dada Patil Nagar,,28.7400739,77.1616575,quarter,
C-5,,28.7541394,77.1627065,quarter,
C-6,,28.7551329,77.1627287,quarter,
D-1,,28.7527186,77.1625778,quarter,
DDA Flats,,28.7279746,77.1639559,quarter,
Durga Chowk,,28.7421525,77.1637459,quarter,
G Block,,28.7295335,77.1776513,quarter,
Gandhi Vihar,,28.7207091,77.2142552,quarter,
Guru Nanak Dev Colony,,28.7481285,77.1713928,quarter,
H-1 Block,,28.7244926,77.1726971,quarter,
I Block,,28.7321454,77.160412,quarter,
Indra Nagar,,28.7150029,77.1721138,quarter,
Indraprastha Colony,,28.7568844,77.1716559,quarter,
J Block,,28.7330048,77.1619143,quarter,
K Block,,28.7322828,77.1663571,quarter,
Kalander Colony,,28.7407795,77.1625869,quarter,
MCD Flats,,28.7277808,77.1767507,quarter,
Mahendra Park,,28.7236786,77.1647212,quarter,
Maruti Kunj,,28.3593202,77.077969,quarter,
Mundka,,28.6803941,77.0304255,quarter,
Panchvati,,28.7157737,77.1734453,quarter,
Rajiv Nagar,,28.7423348,77.1604025,quarter,
Rajiv Nagar Extension,,28.748227,77.1656977,quarter,
Sanjay Enclave,,28.7314544,77.1589495,quarter,
Sultanpur,,28.4958744,77.1606444,quarter,
Swami Shraddhanand Colony,,28.7438579,77.1566579,quarter,
Swaroop Nagar Extension,,28.7522861,77.1509639,quarter,
Swaroop Vihar Extension,,28.7603678,77.1742164,quarter,
Uttam Nagar East,,28.6197132,77.0657014,quarter,
Uttam Nagar West,,28.6200146,77.0555305,quarter,
Vishwanath Puri,,28.7410429,77.1617031,quarter,
Adarsh Nagar,,28.7234751,77.175398,suburb,
Alaknanda,,28.5293364,77.2516323,suburb,
Alipur,,28.7973118,77.138667,suburb,
Anand Parbat,,28.6602309,77.1704149,suburb,
Anand Vihar,,28.641115,77.3125024,suburb,
Anangpur,,28.462523,77.2688412,suburb,
Andrews Ganj,,28.5651135,77.2280152,suburb,
Ashok Vihar,,28.6885171,77.1739339,suburb,
Ashok Vihar Phase III Extension,,28.4967161,77.0274408,suburb,
Asola,,28.4530528,77.1847701,suburb,
Aterna,,28.9033077,77.1545849,suburb,
Azadpur,,28.7076568,77.1755473,suburb,
Babarpur,,28.6874305,77.2797551,suburb,
Badarpur,,28.4942102,77.3068634,suburb,
Badkhal,,28.4072934,77.2830247,suburb,
Badli,,28.7337476,77.1440045,suburb,
Barwala,,28.7613474,77.0618819,suburb,
Bawana,,28.79966,77.0328847,suburb,
Begampur,,28.7267136,77.0649345,suburb,
Begum Pur,,28.725503,77.0583706,suburb,
Bhajanpura,,28.7009399,77.2617817,suburb,
Bhalswa,,28.7454994,77.1588277,suburb,
Chanakyapuri,,28.5946775,77.1885212,suburb,
Chattarpur Farms,,28.480508,77.167252,suburb,
Chhattarpur,,28.503846,77.183032,suburb,
Chhawla,,28.5623044,77.0037102,suburb,
Chilla,,28.5847257,77.3021867,suburb,
Chirag Delhi,,28.5381411,77.2280694,suburb,
Chittaranjan Park,,28.5376883,77.2516536,suburb,
Civil Lines,,28.6806862,77.2225999,suburb,
Connaught Place,,28.6314022,77.2193791,suburb,
Defence Colony,,28.5713575,77.2330402,suburb,
Delhi Cantonment,,28.5982897,77.1234689,suburb,
Dhaula Kuan,,28.5948845,77.162261,suburb,
Dilshad Garden,,28.6806819,77.3220645,suburb,
Dwarka,,28.6007245,77.0429417,suburb,
Gandhi Nagar,,28.6587904,77.2715878,suburb,
Geeta Colony,,28.6510892,77.2749996,suburb,
Gharoli,,28.6165864,77.3319912,suburb,
Ghazipur,,28.6302608,77.3203181,suburb,
Gopal Nagar,,28.6121435,76.969781,suburb,
Govindpuri,,28.5351561,77.2637936,suburb,
Goyla Khurd,,28.585716,77.0101945,suburb,
Greater Kailash,,28.5558502,77.2438337,suburb,
Green Park,,28.5564421,77.2038699,suburb,
Hans Enclave,,28.4453686,77.0257583,suburb,
Hari Nagar,,28.6296489,77.1119344,suburb,
Hastsal,,28.6359648,77.0487636,suburb,
Hauz Khas,,28.5536023,77.1948144,suburb,
IFFCO Chowk,,28.4724299,77.0722427,suburb,
Ibrahimpur,,28.7756976,77.1766202,suburb,
Indraprastha Colony,,28.90221,76.6144986,suburb,
Indraprastha Extension,,28.6305244,77.3067569,suburb,
Industrial Area Khushkhera,,28.1188234,76.789306,suburb,
Industrial Modern Township Manesar,,28.3671851,76.920669,suburb,
Jahangir Puri,,28.7301654,77.1679057,suburb,
Jamia Nagar,,28.5687308,77.2848272,suburb,
Janakpuri,,28.6219272,77.0874757,suburb,
Jasola Vihar,,28.5427353,77.2913342,suburb,
Jhar Saitli,,28.3089991,77.3024063,suburb,
Kalkaji,,28.5469476,77.258801,suburb,
Kalyan Puri,,28.6159271,77.317636,suburb,
Kamla Nagar,,28.6806752,77.2039504,suburb,
Kanjhawala,,28.7358173,77.0043151,suburb,
Kapashera,,28.527295,77.0823049,suburb,
Karkarduma,,28.6521491,77.3014351,suburb,
Karol Bagh,,28.6529982,77.1890227,suburb,
Kewal Park,,28.7159319,77.1785625,suburb,
Khaira,,28.5964178,76.9686524,suburb,
Khajuri,,28.7067757,77.2592439,suburb,
Kidwai Nagar,,28.5724243,77.2078585,suburb,
Kirti Nagar,,28.6532807,77.1417729,suburb,
Kishangarh,,28.5194277,77.1665351,suburb,
Kundli Industrial Area,,28.8738533,77.1320358,suburb,
Lado Sarai,,28.5254347,77.1920657,suburb,
Lajpat Nagar,,28.5660924,77.2432851,suburb,
Laxmi Nagar,,28.6360238,77.2751283,suburb,
Lodhi Colony,,28.586203,77.2268576,suburb,
Lok Nayak Puram,,28.663165,77.0114594,suburb,
Mahavir Enclave,,28.600032,77.0789777,suburb,
Majnu Ka Tila,,28.6986766,77.2260118,suburb,
Malviya Nagar,,28.5339201,77.2124474,suburb,
Mandawali Fazalpur,,28.6232204,77.2889274,suburb,
Mayapuri,,28.6252818,77.1209701,suburb,
Mayur Vihar,,28.6098555,77.2926318,suburb,
Mehrauli,,28.5218262,77.1783232,suburb,
Model Town,,28.707334,77.1885231,suburb,
Moti Bagh,,28.5819215,77.1727967,suburb,
Moti Nagar,,28.6617255,77.1396062,suburb,
Mundka,,28.6819261,77.0308105,suburb,
Naharpur Rupa,,28.445846,77.0209819,suburb,
Najafgarh,,28.612304,76.9823908,suburb,
Nand Nagari,,28.6975174,77.3067991,suburb,
Nangal Kalan,,28.9001448,77.1331033,suburb,
Nangloi,,28.6827837,77.0670178,suburb,
Nangloi Extension,,28.6783051,77.0513497,suburb,
Naraina,,28.6264562,77.1349668,suburb,
Naraina Village,,28.6220547,77.1386441,suburb,
Narela,,28.8426096,77.0918354,suburb,
Nawada,,28.6243467,77.0411968,suburb,
Neb Sarai,,28.5055007,77.2014964,suburb,
Netaji Nagar,,28.5740277,77.1848215,suburb,
New Ashok Nagar,,28.5935582,77.3081345,suburb,
New Colony,,28.4662572,77.0142654,suburb,
New Friends Colony,,28.5671008,77.2697643,suburb,
New Industrial Township,,28.3962327,77.2977447,suburb,
Nizamuddin,,28.5909417,77.2423341,suburb,
Noble Enclave,,28.500922,77.0621293,suburb,
North Campus,,28.689099,77.2134707,suburb,
Okhla,,28.5597172,77.2780805,suburb,
Old Delhi,,28.6590546,77.2275892,suburb,
Old Faridabad,,28.4234963,77.3240399,suburb,
Om Nagar,,28.4500334,77.0211592,suburb,
Paharganj,,28.6414989,77.2140607,suburb,
Palam,,28.5918933,77.0828242,suburb,
Palam Vihar Extension,,28.5007712,77.0398992,suburb,
Pali,,28.3793564,77.2457099,suburb,
Paprawat,,28.5881278,76.9781796,suburb,
Paschim Vihar,,28.6695782,77.095956,suburb,
Patel Nagar,,28.6496204,77.1643638,suburb,
Pitampura,,28.6995123,77.1301047,suburb,
Preet Vihar,,28.6353835,77.2899341,suburb,
Punjabi Bagh,,28.6713863,77.1407175,suburb,
Qutub Vihar,,28.5748741,77.0273995,suburb,
ROF sector 93 Gurgaon,,28.4156048,76.931638,suburb,
Raj Nagar,,28.4480285,77.0180396,suburb,
Raj Nagar II,,28.5817533,77.0872962,suburb,
Raja Vihar,,28.7520292,77.1281939,suburb,
Rajendra Nagar,,28.6397317,77.1834115,suburb,
Rajouri Garden,,28.6451121,77.1239332,suburb,
Ram Gopal Colony,,28.8939854,76.6221056,suburb,
Ramakrishna Puram,,28.5656918,77.174646,suburb,
Rohini,,28.7162092,77.1170743,suburb,
Sadar Bazar,,28.6597744,77.2116326,suburb,
Safdarjung Enclave,,28.56502,77.1925584,suburb,
Sainik Farms,,28.5067758,77.21857,suburb,
Saket,,28.5244107,77.2137253,suburb,
Samalkha,,28.5346109,77.0894873,suburb,
Sangam Vihar,,28.5057128,77.2484672,suburb,
Sarai Rohilla,,28.6678728,77.1902673,suburb,
Sarita Vihar,,28.5334785,77.2935232,suburb,
Sarojini Nagar,,28.5744778,77.1963144,suburb,
Saroor Pur,,28.3433408,77.2681734,suburb,
Satbari,,28.4829696,77.1873236,suburb,
Sector 1,,28.5175247,77.0425692,suburb,
Sector 10,,28.4539921,77.0025297,suburb,
Sector 100,,28.4613898,76.9712708,suburb,
Sector 101,,28.4684077,76.9803787,suburb,
Sector 102,,28.4754872,76.9711747,suburb,
Sector 102A,,28.4830826,76.9779064,suburb,
Sector 103,,28.493087,76.9866453,suburb,
Sector 104,,28.4795324,76.9937197,suburb,
Sector 105,,28.4943133,77.0081378,suburb,
Sector 106,,28.5060806,76.9967796,suburb,
Sector 107,,28.506941,76.9752137,suburb,
Sector 108,,28.5128994,76.9823615,suburb,
Sector 109,,28.5109205,77.0065956,suburb,
Sector 10A,,28.4445813,77.0060231,suburb,
Sector 11,,28.4522331,77.0267159,suburb,
Sector 110,,28.5069625,77.018321,suburb,
Sector 110A,,28.5159108,77.0276475,suburb,
Sector 111,,28.5222773,77.0336203,suburb,
Sector 11A,,28.4574922,77.0325439,suburb,
Sector 12,,28.464066,77.0259664,suburb,
Sector 12A,,28.4701041,77.0315426,suburb,
Sector 13,,28.4745997,77.036719,suburb,
Sector 14,,28.473784,77.0471827,suburb,
Sector 15-I,,28.4529876,77.0376328,suburb,
Sector 15-II,,28.4614487,77.0460104,suburb,
Sector 16,,28.4687344,77.0511794,suburb,
Sector 17,,28.4758035,77.0607773,suburb,
Sector 18,,28.4913452,77.0710259,suburb,
Sector 19,,28.5030913,77.0817477,suburb,
Sector 2,,28.5090499,77.0342831,suburb,
Sector 20,,28.5107707,77.0847586,suburb,
Sector 21,,28.5143629,77.0730087,suburb,
Sector 22,,28.506318,77.0655182,suburb,
Sector 23,,28.510319,77.0530094,suburb,
Sector 23A,,28.5056942,77.0463022,suburb,
Sector 24,,28.4944811,77.1013038,suburb,
Sector 25,,28.4860888,77.084224,suburb,
Sector 25A,,28.4961217,77.0906503,suburb,
Sector 26,,28.4779375,77.1032425,suburb,
Sector 26A,,28.4703865,77.0993053,suburb,
Sector 27,,28.4646566,77.0839505,suburb,
Sector 28,,28.4741302,77.0825722,suburb,
Sector 29,,28.4669197,77.0671306,suburb,
Sector 3,,28.4973905,77.020526,suburb,
Sector 30,,28.4618719,77.05688,suburb,
Sector 31,,28.4540044,77.0497179,suburb,
Sector 32,,28.4458035,77.0413169,suburb,
Sector 33,,28.4384785,77.0251655,suburb,
Sector 34,,28.4280033,77.0115678,suburb,
Sector 35,,28.4145669,77.0018689,suburb,
Sector 36,,28.419334,76.9889256,suburb,
Sector 36A,,28.4202285,76.9719998,suburb,
Sector 36B,,28.4289846,76.9682233,suburb,
Sector 37,,28.4342681,76.999294,suburb,
Sector 37A,,28.4416645,76.9919125,suburb,
Sector 37B,,28.4333189,76.9813419,suburb,
Sector 37C,,28.4489095,76.9880502,suburb,
Sector 37D,,28.4480039,76.9697682,suburb,
Sector 38,,28.4351423,77.0403538,suburb,
Sector 39,,28.4423675,77.0504724,suburb,
Sector 3A,,28.4809525,77.0090778,suburb,
Sector 4,,28.4750063,77.0103535,suburb,
Sector 40,,28.4500427,77.0577093,suburb,
Sector 41,,28.4569188,77.0646046,suburb,
Sector 42,,28.4558973,77.1084759,suburb,
Sector 43,,28.4548735,77.0858864,suburb,
Sector 44,,28.4507064,77.0738281,suburb,
Sector 45,,28.4449004,77.0663545,suburb,
Sector 46,,28.4359133,77.0584045,suburb,
Sector 47,,28.4251572,77.0475128,suburb,
Sector 48,,28.4104903,77.0394627,suburb,
Sector 49,,28.4128851,77.0498362,suburb,
Sector 5,,28.4803924,77.0190946,suburb,
Sector 50,,28.4166536,77.0611745,suburb,
Sector 51,,28.4287011,77.0666877,suburb,
Sector 52,,28.4368166,77.0795276,suburb,
Sector 52A,,28.4396186,77.0905891,suburb,
Sector 53,,28.4415191,77.096805,suburb,
Sector 54,,28.4421059,77.1112654,suburb,
Sector 55,,28.4274166,77.1097538,suburb,
Sector 56,,28.4253232,77.0985157,suburb,
Sector 57,,28.4232478,77.0804487,suburb,
Sector 58,,28.31551,77.3011467,suburb,
Sector 59,,28.4030162,77.1066682,suburb,
Sector 6,,28.4753259,77.0258279,suburb,
Sector 60,,28.3985617,77.0978276,suburb,
Sector 61,,28.4110188,77.0963685,suburb,
Sector 62,,28.407697,77.0823781,suburb,
Sector 63,,28.3964476,77.086498,suburb,
Sector 64,,28.3914643,77.0761983,suburb,
Sector 65,,28.4030162,77.0695893,suburb,
Sector 66,,28.3974292,77.0538823,suburb,
Sector 67,,28.3864052,77.0598046,suburb,
Sector 68,,28.388897,77.0459859,suburb,
Sector 69,,28.3960701,77.0372311,suburb,
Sector 70,,28.3947261,77.0223138,suburb,
Sector 70A,,28.3846684,77.0220391,suburb,
Sector 71,,28.4064564,77.0233125,suburb,
Sector 72,,28.4159257,77.0290772,suburb,
Sector 72A,,28.4233234,77.0187775,suburb,
Sector 73,,28.4088081,77.0161691,suburb,
Sector 74,,28.4110081,77.0101209,suburb,
Sector 74A,,28.4108506,76.9991194,suburb,
Sector 75,,28.3964476,77.0065896,suburb,
Sector 75A,,28.4004545,76.9944537,suburb,
Sector 76,,28.3910112,76.9900243,suburb,
Sector 77,,28.3832337,76.982557,suburb,
Sector 78,,28.3725283,76.9702955,suburb,
Sector 8,,28.4598966,77.0198043,suburb,
Sector 80,,28.3702173,76.9611159,suburb,
Sector 81,,28.3873647,76.9475835,suburb,
Sector 81A,,28.3810438,76.9513146,suburb,
Sector 82,,28.3931076,76.9588762,suburb,
Sector 82A,,28.3858766,76.9639317,suburb,
Sector 83,,28.3981087,76.9732873,suburb,
Sector 84,,28.4082289,76.9630245,suburb,
Sector 85,,28.403652,76.9531428,suburb,
Sector 86,,28.3981205,76.9411257,suburb,
Sector 87,,28.3922194,76.9291703,suburb,
Sector 88,,28.4219647,76.9568078,suburb,
Sector 88A,,28.4337898,76.9539433,suburb,
Sector 88B,,28.4420223,76.9538495,suburb,
Sector 89,,28.4184455,76.9457567,suburb,
Sector 9,,28.4621791,77.0000718,suburb,
Sector 90,,28.4069974,76.9365562,suburb,
Sector 91,,28.4007588,76.9210802,suburb,
Sector 92,,28.4089049,76.9155232,suburb,
Sector 94,,28.4219647,76.9297711,suburb,
Sector 95,,28.4149443,76.9114892,suburb,
Sector 97,,28.4092824,76.8805901,suburb,
Sector 99,,28.4645549,76.9628585,suburb,
Sector 99A,,28.4554059,76.9510278,suburb,
Sector 9A,,28.4690266,76.9962811,suburb,
Sector 9B,,28.4563803,76.981012,suburb,
Sector-6,,28.5944533,76.6610259,suburb,
Sector-7,,28.5946532,76.6665621,suburb,
Sector-8,,28.6086211,76.6712279,suburb,
Seelampur,,28.6706535,77.264356,suburb,
Sersa,,28.8687308,77.1439607,suburb,
Shahdara,,28.6773038,77.2903467,suburb,
Shaheen Bagh,,28.5466419,77.3008128,suburb,
Shahpur Jat,,28.5483303,77.214104,suburb,
Shakarpur,,28.628076,77.2793769,suburb,
Shalimar Bagh,,28.7081295,77.1611881,suburb,
Shankar Vihar,New Delhi,28.5401769,77.1319952,suburb,
Shivaji Nagar,,28.4552808,77.0237905,suburb,
Shyam Vihar,,28.5917192,77.0000946,suburb,
Siraspur,,28.7580543,77.1297995,suburb,
South Dwarka,Gurugram,28.531436,77.0149353,suburb,
South Extension,,28.5681089,77.2221923,suburb,
Sultanpuri,,28.6996553,77.0662843,suburb,
Surajkund,,28.4859401,77.2846019,suburb,
Swaroop Nagar,,28.7596436,77.1516935,suburb,
Tau Colony,,28.89494,76.6277486,suburb,
Tilak Nagar,,28.8904078,76.6185024,suburb,
Trilok Puri,,28.6066755,77.3087767,suburb,
Tughlakabad,,28.5126328,77.2670313,suburb,
Uttam Nagar,,28.6215226,77.0611064,suburb,
Vasant Kunj,,28.5292495,77.1541335,suburb,
Vasant Vihar,,28.5602932,77.1628475,suburb,
Vikaspuri,,28.638643,77.0731382,suburb,
Vivek Vihar,,28.668035,77.3194706,suburb,
Wazirabad,,28.7297608,77.2212803,suburb,
Yamuna Vihar,,28.700372,77.2727728,suburb,
Ballabgarh,,28.3286134,77.3238914,town,
Chandhat,,28.122339,77.4465124,town,
Chhara,,28.6967982,76.7162111,town,
Dharuhera,,28.2055216,76.7953099,town,
Farrukhnagar,,28.4479606,76.8229285,town,
Gannaur,,29.133324,77.0176378,town,
Gohana,,29.1372166,76.7045205,town,
Haileymandi,,28.350751,76.7573547,town,
Jhajjar,,28.6066833,76.6580764,town,
Kharkhoda,,28.8777329,76.9118034,town,
Mohna,,28.2228843,77.4447889,town,
Nuh,,28.1033372,77.0047993,town,
Pataudi,,28.325914,76.7787023,town,
Sohna,,28.2459908,77.0670992,town,
Taoru,,28.1907774,76.9404573,town,
Tapukara,,28.1106824,76.8313589,town,
Tauru,,28.2109261,76.9506404,town,
Tigaon,,28.3508902,77.3965287,town,
Abhyapur,,28.2941534,77.1137911,village,
Adupur,,28.1550154,77.239421,village,
Aherwa,,28.1077963,77.2561168,village,
Ahulana,,29.1188128,76.6460845,village,
Akoli,,28.1198331,76.7291379,village,
Alam Pur,,28.3310195,77.1888303,village,
Allika,,28.1616112,77.2564601,village,
Amarpur,,28.185785,77.4445152,village,
Amarpur Palaka,,28.2340785,77.5487136,village,
Amlaki,,28.1859363,76.8922806,village,
Amru,,28.1646261,77.2816515,village,
Asadpur Nandnaur,,29.0311072,77.133336,village,
Asan,,28.9014956,76.7705297,village,
Asaudha,,28.7507335,76.8715328,village,
Asawata,,28.1073041,77.350316,village,
Atail,,28.8389833,76.7530699,village,
Atarchata,,28.1885671,77.2073214,village,
Auchandi,,28.8203419,76.9955527,village,
Badarkha,,29.1920847,77.1561888,village,
Badh Khalsa,,28.9124559,77.1181199,village,
Badha,,28.1233153,77.2283935,village,
Badkhal village,,28.4116765,77.2828465,village,
Badli,,28.5726895,76.8100866,village,
Badraula,,28.3433861,77.4093822,village,
Baghanki,,28.3112992,76.9283932,village,
Baghola,,28.2088832,77.3063093,village,
Bahadari,,28.1685537,76.8878817,village,
Bahalgarh,,28.9586835,77.0950598,village,
Bahmanwas,,28.975151,76.6333704,village,
Bai Khera,,28.2681104,77.167736,village,
Baiyanpur,,28.9631562,77.0067041,village,
Bajghera,Gurugram,28.5279082,77.0210756,village,
Bajitpur Thakran,,28.805109,76.999294,village,
Bakheta,,28.921377,76.8105549,village,
Bakhtawar Pur,,28.8234587,77.173144,village,
Baliana,,28.8803688,76.6906721,village,
Baliyawas village,,28.4247616,77.1418067,village,
Banbeerpur,,28.1367885,76.8157196,village,
Bandapur,,28.15796,76.8843841,village,
Banker,,28.8528173,77.0767213,village,
Barahi,,28.7365039,76.895234,village,
Barauda,,29.1421914,76.6128158,village,
Bari,,29.1185195,77.0440997,village,
Baroli,,29.009918,77.1674305,village,
Barona,,28.8469009,76.8999088,village,
Barvasini,,29.0137712,76.9620062,village,
Begamabad,,28.1832506,77.5513744,village,
Bhainsraoli,,28.3647779,77.4190959,village,
Bhaipur,,28.2446268,77.5611591,village,
Bhanak Pur,,28.2902934,77.2623738,village,
Bhandwari,,28.4013263,77.1505566,village,
Bhangrola,,28.3936032,76.9095279,village,
Bhankri village,,28.3978513,77.2650404,village,
Bhaproda,,28.7367004,76.7360011,village,
Bhati Kalan,,28.4270142,77.1905625,village,
Bhigan,,29.0708379,77.0510556,village,
Bhilaka,,28.2410633,77.1867577,village,
Bhoapur,,28.3721295,77.4034427,village,
Bhodwal Majri,,29.1976437,77.014025,village,
Bholra,,28.1696319,77.5118064,village,
Bhondsi,,28.3504798,77.0618737,village,
Bhoodli,,28.1664444,76.8758333,village,
Bhowapur,,28.9281127,77.0183391,village,
Bhurja,,28.226443,77.2469472,village,
Bidhlan,,28.9493332,76.8646221,village,
Bijo Pur,,28.3048654,77.2028957,village,
Bilaspur Khurd,,28.2882747,76.8704031,village,
Bindhrauli,,28.9180265,77.0104546,village,
Bissar Akbarpur,,28.3022682,76.9477682,village,
Bohar,,28.8966197,76.6523449,village,
Burhi Bawal,,28.1045029,76.7739629,village,
Butana,,29.1888844,76.6255187,village,
Chandawli,,28.3227296,77.3481536,village,
Chandu,,28.4716038,76.9226967,village,
Chaprola,,28.2459944,77.2524919,village,
Chhajju Nagar,,28.1069445,77.370851,village,
Chirsi,,28.3850677,77.4488798,village,
Chooharpur,,28.1281408,76.9525122,village,
Dallupura Village,,28.6095434,77.3188322,village,
Damdama,,28.3074273,77.1205528,village,
Darya Pur,,28.5600253,76.8290123,village,
Daryapur,,28.5526242,76.9106309,village,
Daryapur Kalan,,28.8137994,77.009453,village,
Daultalbad Village,,28.5021732,76.9916891,village,
Dayal Pur,,28.3030001,77.3883122,village,
Dera,,28.4357457,77.1758983,village,
Devlavas,,28.1568126,76.6160498,village,
Devli,,28.2285352,77.3222854,village,
Devru,,29.024791,77.0374126,village,
Dhakola,,28.3800926,77.4252006,village,
Dhamaka,,28.1084491,77.2341397,village,
Dhankot,,28.4741331,76.9571207,village,
Dhansa,,28.5561951,76.8664476,village,
Dharampur,,28.5126504,76.9787853,village,
Dhauji,,28.3412217,77.1957048,village,
Dhumas Pur,,28.3778631,77.0743235,village,
Dighal,,28.7659022,76.6322363,village,
Dohki,,28.2379627,76.6424157,village,
Dudhola,,28.2077116,77.2687651,village,
Dudnsa Palwal,,28.2543299,77.2967114,village,
Dujana,,28.6811427,76.622614,village,
Dulhera,,28.6450877,76.7867674,village,
Eakharpur,,28.3245285,76.8881789,village,
Fakaruddinka,,28.1342151,76.8731189,village,
Farizabad Missa,,28.1116572,77.4230575,village,
Fatehpur Atta,,28.3178689,77.511506,village,
Fatehpur Taga,,28.3262429,77.2390299,village,
Feroz Pur Kalan,,28.309775,77.2360893,village,
Gadpur,,28.1784464,76.8836331,village,
Gajriwas,,28.1325848,76.6177721,village,
Gandhra,,28.8303157,76.7274679,village,
Gandwa,,28.1218581,76.9297242,village,
Garhi Bala,,28.9094753,77.0099131,village,
Garhi Bohar,,28.880494,76.6468596,village,
Garhi Brahmnan,,28.9956478,76.9945927,village,
Garhi Harsaru,,28.4452309,76.9379442,village,
Gari Samastpur,,28.4290821,77.4750042,village,
Gel Pur,,28.1270474,77.2800822,village,
Ghalibpur,,28.5286469,76.8793885,village,
Ghamroj,,28.3226751,77.0579893,village,
Ghangola,,28.2618074,77.1997567,village,
Ghasauli,,29.1334126,77.1034174,village,
Ghori,,28.1504492,77.4503088,village,
Ghumanhera,,28.5325681,76.9255654,village,
Giwana,,28.9790021,76.7460659,village,
Gohna,,29.0080962,76.8279759,village,
Gorar,,28.9379595,76.8051264,village,
Gubhana,,28.6027702,76.8443068,village,
Gudha,,28.6405295,76.6406894,village,
Gurwari,,28.1355112,77.4837506,village,
Guwalda,,28.1108624,76.8932247,village,
Halalpur,,28.8645659,77.0086874,village,
Hamidpur,,28.828837,77.1477832,village,
Harphala,,28.2761962,77.2640248,village,
Harphali,,28.2631507,77.2654222,village,
Harsana Kalan,,28.9475227,77.0081865,village,
Harsana Khurd,,28.9430862,77.0207,village,
Hasanka,,28.2064236,76.6779468,village,
Hassan Pur,,28.3841752,77.0009378,village,
Hassangarh,,28.837099,76.8459138,village,
Hullaheri,,29.0276562,76.9506423,village,
Isharheri,,28.6323207,76.9332233,village,
Ismaila,,28.7956093,76.7367677,village,
Issapur,,28.5763678,76.8649547,village,
Jafarabad,,28.2644006,76.9662519,village,
Jaffarpur Kalan,,28.5898612,76.9209306,village,
Jahari,,29.0272265,77.0034474,village,
Jajru,,28.2931207,77.3103002,village,
Jakhauli,,28.9331452,77.1536316,village,
Jasaur Kheri,,28.7824722,76.862938,village,
Jasrana,,28.9593435,76.7748239,village,
Jassia,,29.0101351,76.6441604,village,
Jatmalpur,,29.0087032,76.879774,village,
Jatola,,28.2377947,77.313719,village,
Jaunpur,,28.4656042,77.1547305,village,
Jaurasi,,28.2336369,76.9138344,village,
Jharoda Kalan,,28.6532995,76.9526021,village,
Jhinjoli Village,,28.8485488,77.0051025,village,
Jhiwana,,28.1471761,76.8548369,village,
Jhuljhuli,,28.5369416,76.9023053,village,
Jhundsarai,,28.3986154,76.8742836,village,
Jodhpur,,28.111979,77.3022938,village,
Juan,,29.0661251,76.9002988,village,
Kabul Pur Mangar,,28.2914894,77.2394449,village,
Kahaksona,,28.2901058,77.0050844,village,
Kahni,,29.0144171,76.6748735,village,
Kahrani,,28.1764603,76.8680763,village,
Kair,,28.6245988,76.9178407,village,
Kakor Kalan,,29.1754303,77.1493867,village,
Kakrali,,28.1578654,77.2817802,village,
Kalvaka,,28.2549573,77.2196167,village,
Kamalpur,,28.1508119,76.6083396,village,
Kambakashpur,,28.4423267,77.4441676,village,
Kankrola,,28.3887808,76.919006,village,
Kanoli,,28.1666826,77.175384,village,
Kanonda,,28.7598793,76.9327589,village,
Karaula,,28.408558,76.7263162,village,
Karauntha,,28.8001286,76.6198579,village,
Karenda,,28.16757,76.8965935,village,
Karendi,,28.1776331,76.8966579,village,
Karna,,28.1450382,77.2765445,village,
Karnawas,,28.1278435,76.6032533,village,
Karneera,,28.3156684,77.2657612,village,
Karoli,,28.1105559,76.7885948,village,
Katewada,,28.8026686,76.974949,village,
Kedli Jeeta,,28.1818203,77.1759142,village,
Khanda,,28.9195289,76.8967749,village,
Khandawli,,28.3030705,77.2862678,village,
Khandewla,,28.3825091,76.7713451,village,
Khanpur,,28.1811322,76.8095827,village,
Khanpur Kalan,,29.1607683,76.7915365,village,
Khansala,,28.8933061,76.7812468,village,
Khantavas,,28.4394448,76.8779664,village,
Kharawar,,28.8353959,76.6860624,village,
Kharhar,,28.7176807,76.7750849,village,
Kharkhauda,,28.7770664,76.7703149,village,
Khatiwas,,28.1353126,76.8517899,village,
Khera,,28.4455062,76.7889619,village,
Kheri,,28.1634327,76.9129477,village,
Kheri Sadh,,28.8587755,76.6674587,village,
Kherki,,28.3088676,76.9344997,village,
Khewra,,28.9645084,77.1262907,village,
Khijooriwas,,28.1807539,76.8254614,village,
Khohri Kalan,,28.1187733,76.8686449,village,
Khori Jamal Pur,,28.315586,77.1767203,village,
Khushkhera,,28.1181215,76.7760125,village,
Khusropur,,28.1091269,77.3343485,village,
Kiloi,,28.9474465,76.7154582,village,
Kishorepur,,28.1914211,77.2466552,village,
Kot,,28.3332926,77.1675548,village,
Kulasi,,28.7726603,76.9103458,village,
Kumaspur,,29.0017851,77.0920484,village,
Kundli,,28.8696747,77.1198167,village,
Kureshi Pur,,28.3416146,77.247705,village,
Ladpur,,28.9149319,77.0379686,village,
Ladrawan,,28.7874647,76.9366502,village,
Lagar Pur,,28.5489806,76.8306001,village,
Lahandola,,28.3529766,77.4302071,village,
Lahrara,,28.9701925,77.0099593,village,
Lala Kherli,,28.289853,77.1682948,village,
Lalpur,,28.1037079,76.7311763,village,
Lampur,,28.8511615,77.0644496,village,
Latifpur,,28.2900595,77.5102615,village,
Loharheri,,28.7838066,76.8332056,village,
Lohat,,28.5415389,76.8566366,village,
Lohsinghani,,28.2732343,77.2294607,village,
Luksar,"Tehsil Badli, District Jhajjar",28.6175934,76.8728653,village,
Machgarh,,28.3124559,77.3702294,village,
Madal Pur,,28.3253315,77.2562604,village,
Madina,,29.0977405,76.6346261,village,
Mahchana,,28.3916647,76.7476344,village,
Mahesara,,28.1201927,76.7654872,village,
Maheshpur,,28.1377796,77.2367913,village,
Mahipalpur,,28.544537,77.1279229,village,
Mahola,,28.2718126,77.2470309,village,
Mahoti,,29.1933722,77.0655066,village,
Maina,,28.8469609,76.6035614,village,
Makanpur Bangar,,28.2704827,77.5063562,village,
Makanpur Khadar,,28.2705961,77.4982023,village,
Malerna,,28.3009812,77.3228828,village,
Malikpur,,28.5508902,76.9006745,village,
Mandhawali,,28.3483682,77.4195002,village,
Mandi,,28.4397525,77.1434049,village,
Mandkol,,28.2157076,77.3534558,village,
Mandkola,,28.1371669,77.1787834,village,
Mandothi,,28.7076573,76.8206616,village,
Manduara,,28.8859728,76.9951239,village,
Manger,,28.3786997,77.1751999,village,
Manjhawali,,28.3717629,77.4734715,village,
Manoli,,28.907725,77.1798595,village,
Mattan,,28.6914414,76.7801839,village,
Mayapur,,28.1214228,76.8493223,village,
Mehlana,,28.9818189,76.956016,village,
Mehmudpur,,29.1776199,76.7109082,village,
Mira Pur,,28.2117179,77.298214,village,
Mirpur Kachh,,28.1323985,77.5131368,village,
Mitraon,,28.6074198,76.9453065,village,
Mohamadpur Ahir,,28.2763043,76.9690867,village,
Mohammadabad Kheda,,28.2567995,77.5598716,village,
Mohana,,29.0343773,76.8619851,village,
Mohatabad,,28.3748176,77.2163821,village,
Mokalwas,,28.3320268,76.8825353,village,
Mundawar,,28.2826331,77.1617551,village,
Mundhela Kalan,,28.6117902,76.8952672,village,
Mundhela Khurd,,28.617755,76.8909792,village,
Mungan,,28.9283549,76.7682981,village,
Mungeshpur,,28.8180859,76.9725458,village,
Murthal,,29.0396149,77.0894535,village,
Nagla Chandan,,28.1917614,77.5506234,village,
Nahari,,28.8657665,77.0438652,village,
Nainwal,,28.335541,76.9445962,village,
Nangal Khurd,,29.015458,77.0804632,village,
Nangla Bhikoo,,28.2251588,77.2619831,village,
Nangla Jogian,,28.2813319,77.2788403,village,
Nangla Jogian village,,28.2836874,77.2767705,village,
Nankheri,,28.5200804,76.9848244,village,
Nasirpur Bangar,,28.9354872,77.0214582,village,
Naya Gaon,,28.366831,77.0837943,village,
Nekpur,,28.3521946,77.2409329,village,
Nilauthi,,28.809733,76.8730357,village,
Nimoth,,28.2744601,77.1531361,village,
Nonand,,28.8484211,76.7174838,village,
Pahrawar,,28.8465015,76.6301066,village,
Pakasma,,28.8718384,76.7389022,village,
Pakhal,,28.3622752,77.2201875,village,
Pali,,28.3834415,77.2389914,village,
Palra,,28.3801992,77.0205161,village,
Paota,,28.3768508,77.2044045,village,
Pathredi,,28.1404971,76.8757367,village,
Phidedi,,28.2034574,76.6661172,village,
Polangi,,28.9492177,76.7581057,village,
Prithla,,28.2327939,77.2905637,village,
Purkhas,,29.109311,76.9457013,village,
Pyala,,28.2663969,77.311186,village,
Qutubgarh,,28.8010139,76.9598428,village,
Rabadka,,28.1182434,76.7481494,village,
Rahaka,,28.2619588,77.168519,village,
Rai,,28.9406343,77.0962247,village,
Rajolaka,,28.125889,77.2589921,village,
Rajpur,,29.07818,77.0232572,village,
Rajupur,,28.1703507,77.4876451,village,
Rakshera,,29.1864479,77.1065326,village,
Ramgarh,,28.7320529,77.1603457,village,
Rampur Khadar,,28.2638303,77.5114631,village,
Rampur Khader,,28.163465,77.5560951,village,
Rampur Khor,,28.1705398,77.4406957,village,
Rangpuri,,28.5400349,77.1197754,village,
Raota,,28.5241977,76.9021336,village,
Rasoi,,28.902211,77.1129761,village,
Rati Pur,,28.119905,77.2882005,village,
Rawata Mor,,28.5993966,76.9159967,village,
Rehrana,,28.104284,77.318993,village,
Rithal,,28.9920311,76.7169118,village,
Rohad,,28.7450303,76.8066321,village,
Rohna,,28.8535659,76.8783814,village,
SECTOR 77,,28.3741743,77.3642267,village,
SECTOR 78,,28.3878163,77.3642731,village,
SECTOR 79,,28.3873706,77.3502925,village,
Sadpura,,28.3711988,77.3850811,village,
Sagar Pur,,28.2761564,77.3304032,village,
Salarpur,,28.147195,76.7872238,village,
Salemsar Majra,,28.9976174,76.8661179,village,
Samaspur,Gurugram,28.426803,77.0659832,village,
Samaspur Khalsa,,28.5809677,76.9072835,village,
Samchana,,28.8375913,76.8063225,village,
Sanghi,,29.0285383,76.6132351,village,
Sarangpur,,28.5417672,76.88677,village,
Sare Kalan,,28.1414582,76.915001,village,
Saroli,,28.1729856,77.1934789,village,
Saroor Pur,,28.3449677,77.2670226,village,
Saulda,,28.6480951,76.8805432,village,
Seekri,,28.2751485,77.2865144,village,
Seekri village,,28.2790044,77.2883613,village,
Seethal,,28.1732259,76.8049907,village,
Sehrala,,28.259263,77.2376454,village,
Sehrawan,,28.3417214,76.9155156,village,
Sewli,,28.9309106,77.1276115,village,
Shah Pur Kalan,,28.2805547,77.3557592,village,
Shah Pur Khurd,,28.2788196,77.300957,village,
Shahupura,,28.3028018,77.3350055,village,
Shame Pur,,28.3198784,77.2796894,village,
Shidi Pur Lowa,,28.6381635,76.9140324,village,
Sidhraawali,,28.2653282,76.8330763,village,
Sihol,,28.1300142,77.42486,village,
Sikander Pur,,28.2180838,77.2517034,village,
Sikrona,,28.3049134,77.2539914,village,
Silana,,28.9357552,76.8448474,village,
Simli,,28.8266306,76.6111707,village,
Sirmathle,,28.2818185,77.2141566,village,
Sirohi,,28.3210931,77.180124,village,
Sisana,,28.9033001,76.8509413,village,
Softa,,28.2523166,77.278091,village,
Sohati,,28.8070445,76.938513,village,
Solra,,28.1865793,77.5133943,village,
Sona,,28.2945487,77.3587081,village,
Soondh,,28.261751,76.9868553,village,
Sotai,,28.2927976,77.3594597,village,
Sultanpur,,28.4616582,76.8700852,village,
Sunpur,,28.2866237,77.3403074,village,
Surakhpur,,28.6256536,76.9429032,village,
Tatarpur,,28.2299546,77.3145884,village,
Tedki,,28.4879763,76.9632867,village,
Teekli,,28.3558113,77.0309814,village,
Tehar,,29.0392884,76.8290551,village,
Tenther Badsahpur,,28.2976877,77.1716348,village,
Thana Kalan,,28.8856498,76.9496127,village,
Thantri,,28.1758362,77.4690627,village,
Thara,,28.1629732,76.8082952,village,
Tharu,,29.0304998,76.9885649,village,
Tikri,,28.4215792,77.0358014,village,
Udaipur,,28.1704263,76.8162346,village,
Uldepur,,29.0273769,76.99163,village,
Wazirpur,,29.1449035,76.670954,village,
पोंदरी,,28.1077264,77.1439775,village,
